<?xml version="1.0" encoding="utf-8"?>
<resources xmlns:android="http://schemas.android.com/apk/res/android">
<string name="js_alert_title">"Javascript Alert"</string>
<string name="js_confirm_title">"Javascript Confirm"</string>
<string name="js_prompt_title">"Javascript Prompt"</string>
<string name="download_start_toast">"Downloading file:"</string>
<string name="download_no_permission_toast">"No permission to write, abort."</string>
<string name="download_already_exists_toast">"Downloading file already exists, abort."</string>
<string name="download_failed_toast">"Failed to download file."</string>
<string name="download_finished_toast">"Finished to download file."</string>
<string name="ssl_alert_title">"Ssl Alert"</string>
<string name="http_auth_title">"Authentication Required"</string>
<string name="http_auth_user_name">"Username"</string>
<string name="http_auth_password">"Password"</string>
<string name="http_auth_log_in">"Log In"</string>
</resources>
